Movimento de AIH - Arquivos Reduzidos - Brasil,Unnamed: 1,Unnamed: 2,Unnamed: 3,Unnamed: 4,Unnamed: 5,Unnamed: 6,Unnamed: 7,Unnamed: 8,Unnamed: 9,Unnamed: 10,Unnamed: 11,Unnamed: 12,Unnamed: 13,Unnamed: 14,Unnamed: 15,Unnamed: 16,Unnamed: 17,Unnamed: 18,Unnamed: 19,Unnamed: 20,Unnamed: 21,Unnamed: 22,Unnamed: 23,Unnamed: 24,Unnamed: 25,Unnamed: 26,Unnamed: 27,Unnamed: 28,Unnamed: 29,Unnamed: 30,Unnamed: 31,Unnamed: 32,Unnamed: 33,Unnamed: 34,Unnamed: 35,Unnamed: 36,Unnamed: 37,Unnamed: 38,Unnamed: 39,Unnamed: 40,Unnamed: 41,Unnamed: 42,Unnamed: 43,Unnamed: 44,Unnamed: 45,Unnamed: 46,Unnamed: 47,Unnamed: 48,Unnamed: 49,Unnamed: 50,Unnamed: 51,Unnamed: 52,Unnamed: 53,Unnamed: 54,Unnamed: 55,Unnamed: 56,Unnamed: 57,Unnamed: 58,Unnamed: 59,Unnamed: 60,Unnamed: 61,Unnamed: 62,Unnamed: 63,Unnamed: 64,Unnamed: 65
Valor Total por Ano/mês proc(<98) segundo Hospital BR (CNPJ),,,,,,,,,,,,,,,,,,,,,,,,,,,,,,,,,,,,,,,,,,,,,,,,,,,,,,,,,,,,,,,,,
Hospital BR (CNPJ),Jul/1994,Ago/1994,Set/1994,Out/1994,Nov/1994,Dez/1994,Jan/1995,Fev/1995,Mar/1995,Abr/1995,Mai/1995,Jun/1995,Jul/1995,Ago/1995,Set/1995,Out/1995,Nov/1995,Dez/1995,Jan/1996,Fev/1996,Mar/1996,Abr/1996,Mai/1996,Jun/1996,Jul/1996,Ago/1996,Set/1996,Out/1996,Nov/1996,Dez/1996,Jan/1997,Fev/1997,Mar/1997,Abr/1997,Mai/1997,Jun/1997,Jul/1997,Ago/1997,Set/1997,Out/1997,Nov/1997,Dez/1997,Total,Jan/1998,Fev/1998,Mar/1998,Abr/1998,Mai/1998,Jun/1998,Jul/1998,Ago/1998,Set/1998,Out/1998,Nov/1998,Dez/1998,Jan/1999,Fev/1999,Mar/1999,Abr/1999,Mai/1999,Jun/1999,Jul/1999,Ago/1999,Total,
00394452003200 HOSPITAL DO SAS CCN2 2 BEC,67036.93000000002,66942.79000000031,55574.26000000024,60449.670000000275,43777.62,35406.81999999989,35022.8599999999,35041.48999999992,35676.58999999993,33667.24999999989,52951.5400000002,0,0,0,0,0,0,0,0,0,0,0,0,0,0,0,0,0,0,0,0,0,0,0,0,0,0,0,0,0,0,0,0,0,0,0,0,0,0,0,0,0,0,0,0,0,0,0,0,0,0,0,0,521547.8200000006,PRIVADO
00814030000131 CLINICA MATERNO INFANTIL ANIZINHA LUZ,0,0,0,0,0,0,0,0,0,0,0,0,0,0,0,0,0,0,0,0,0,0,0,0,0,0,0,0,0,0,0,0,0,0,6423.1299999999965,5698,6466.91,4167.830000000001,4850.799999999997,4884.559999999998,4858.1399999999985,3367.5100000000016,40716.88,3965.3700000000017,4862.159999999999,4947.16,4750.320000000001,4732.02,5868.260000000001,5840.170000000001,12695.610000000002,12394.909999999998,12168.37,12366.089999999998,12298.739999999989,9536.75,6909.029999999998,4859.580000000001,13926.730000000003,6449.1399999999985,5205.61,10704.590000000002,10706.61,246620.97999999992,PRIVADO
01095148000110 HOSPITAL DAS CLINICAS DE SAO JOAO DO PIAUI,0,0,0,0,0,0,0,0,0,0,0,0,0,0,0,0,0,0,0,0,0,0,0,0,0,0,0,0,0,0,0,0,0,0,0,0,0,0,0,0,3100.4100000000008,4018.9200000000005,7119.330000000002,4049.16,3999.0899999999997,4050.870000000001,4069.9200000000005,4184.35,4960.6900000000005,4894.53,5048.76,4978.370000000002,5076.820000000002,5025.4800000000005,4984.080000000001,10048.660000000007,10455.450000000004,5106.490000000001,7283.659999999998,7020.560000000002,23267.64000000001,25142.21999999998,25919.84999999999,183805.31,
01498476000914 BENEFICENCIA CAMILIANA HOSPITAL SANTA CRUZ,0,0,0,0,0,0,0,0,0,0,0,0,0,0,0,0,0,0,0,0,0,0,0,0,0,0,0,0,0,0,0,0,0,0,0,25008.64999999995,25291.149999999987,24520.82999999998,24919.65999999995,23853.08999999999,22368.48999999996,24207.739999999976,170169.6099999998,23250.589999999946,24844.449999999953,23639.959999999985,24868.099999999973,0,52968.54999999994,55030.44999999994,35592.38999999994,35500.26999999999,35496.38000000001,35492.78000000002,26305.590000000026,26087.639999999996,23668.86000000002,23516.870000000024,25331.920000000024,23508.51999999996,23514.98999999999,0,0,858957.5299999993,
01910810000148 HOSPITAL DIA DE PICOS,0,0,0,0,0,0,0,0,0,0,0,0,0,0,0,0,0,0,0,0,0,0,0,0,0,0,0,0,0,0,0,0,0,0,0,0,0,0,0,0,23187.24000000001,13992.3,37179.54000000001,14014.51,21099.500000000007,21010.66000000001,20744.140000000003,14014.509999999998,16356.530000000006,28492.020000000004,19022.449999999997,20022.170000000002,19022.45,19050.219999999998,19300.149999999998,19050.219999999994,19189.07,19772.24,20355.409999999996,20188.79,23715.579999999998,24298.75,24298.75,477377.2,
02308080000172 HOSPITAL CAROLINA DUARTE LTDA,0,0,0,0,0,0,0,0,0,0,0,0,0,0,0,0,0,0,0,0,0,0,0,0,0,0,0,0,0,0,0,0,0,0,0,0,0,0,0,0,0,0,,0,0,0,0,0,0,0,0,0,0,4010.7599999999998,3781.11,3080.2500000000014,4212.72,7449.7800000000025,5252.990000000001,4148.330000000001,7030.130000000002,6143.94,7211.6900000000005,52321.70000000001,
02445805000174 UMS SAO FRANCISCO,0,0,0,0,0,0,0,0,0,0,0,0,0,0,0,0,0,0,0,0,0,0,0,0,0,0,0,0,0,0,0,0,0,0,0,0,0,0,0,0,0,0,,0,0,0,0,0,0,0,0,3381.130000000001,4802.119999999999,5155.150000000001,5881.61,3976.9599999999996,5997.54,5473.230000000001,5837.6100000000015,5520.139999999999,5266.1,6028.120000000001,6030.68,63350.39000000001,
05385414000280 HOSPITAL DONINHA ROCHA,15753.86999999999,16927.05999999999,13920.459999999995,13225.099999999997,12528.879999999997,12106.169999999998,13288.29,11851.929999999991,12692.800000000003,12207.129999999996,13950.96999999999,14230.569999999987,11768.219999999994,11222.469999999992,11622.339999999991,12767.669999999995,18330.16,17724.600000000002,15822.749999999985,18724.320000000025,12644.839999999995,13351.169999999987,12503.839999999998,12310.899999999987,12329.300000000005,16393.839999999986,16332.519999999986,16384.87999999998,15989.969999999987,16230.819999999996,15617.63999999999,15550.189999999982,16440.80999999999,16491.629999999994,16572.109999999993,16518.3,16390.22,16448.000000000004,16400.480000000003,16528.320000000003,16279.190000000004,16509.290000000008,620884.0199999998,16615.829999999987,16277.779999999982,16201.999999999989,16452.499999999993,16413.53999999998,19735.640000000014,19731.72,19843.420000000006,19160.90000000001,19524.59000000002,18041.649999999998,18419.679999999997,19383.600000000002,19613.130000000005,18630.17,19788.119999999984,19795.990000000005,18160.31,19801.659999999996,19800.659999999996,1613160.9299999992,
05522917000250 UNIDADE INTEGRADA DE SAUDE PRIMAVERA,4996.470000000002,4654.460000000002,3994.71,1950.9599999999998,3528.2300000000005,1985.2799999999995,2136.83,3251.7799999999997,4042.82,4687.910000000001,3580.1200000000013,3862.4100000000003,2373.5299999999997,923.95,1868.2899999999995,845.96,872.3400000000001,1261.1499999999999,2146.94,1881.1,2856.89,3911.4900000000007,2597.46,1848.53,1453.31,0,0,0,1574.17,743.57,3106.82,4824.53,10084.640000000001,8234.570000000002,11771.600000000006,7780.460000000002,7686.880000000002,10750.519999999997,7819.22,11050.249999999996,8392.7,6084.090000000003,167416.94000000003,5285.000000000001,8003.149999999999,11313.049999999996,8319.150000000003,9936.479999999998,7010.079999999997,10507.420000000002,7322.379999999998,9849.490000000002,11321.840000000002,12290.330000000002,7015.780000000002,16710.189999999995,6990.7300000000005,12979.729999999998,15370.890000000005,15722.220000000001,8574.31,8037.739999999997,8807.119999999999,536200.9600000002,MUNICIPAL
05522917000331 UNIDADE INTEGRADA DE SAUDE PARQUE PIAUI,4541.540000000001,5036.07,4134.35,3756.19,3852.53,3364.52,3693.0200000000004,3645.369999999999,4028.08,4424.380000000001,3554.05,3396.6900000000005,2452.53,1247.0800000000002,1633.56,889.3700000000001,1502.06,1408.1600000000003,1422.51,663.9000000000001,1124.5100000000002,1447.5299999999997,863.2800000000001,4726.780000000001,6008.7800000000025,6996.420000000004,4620.620000000001,2985.5100000000007,5330.0599999999995,1997.2699999999998,6605.299999999998,3010.210000000001,3217.1500000000005,7930.22,7732.860000000001,4012.300000000001,2696.6,8076.370000000002,10184.899999999996,9014.069999999996,5359.400000000002,6898.54,169484.64,8590.380000000001,6155.35,11914.509999999998,6875.700000000002,12459.499999999998,13225.170000000002,8800.71,8569.349999999999,10002.900000000005,9957.310000000001,9690.85,9443.460000000005,11163.67,12420.629999999996,0,15288.759999999993,10990.839999999995,10839.839999999997,9004.090000000006,15028.859999999999,539391.1599999999,MUNICIPAL
05522917000412 UNIDADE INTEGRADA DE SAUDE MONTE CASTELO,4575.810000000002,4774.200000000002,5145.040000000003,3694.5800000000004,4056.38,3501.7200000000007,3731.08,6523.760000000004,6159.210000000002,7226.330000000004,6365.420000000001,5777.870000000001,1475.93,5901.300000000002,3726.8099999999995,4375.34,2972.6299999999997,3046.8599999999997,3001.0400000000004,4859.489999999999,1089.86,6081.360000000004,5155.430000000003,5348.370000000002,5071.86,6246.060000000003,5192.660000000001,5212.110000000002,3514.0800000000013,2261.74,0,0,0,0,0,0,0,0,4960.130000000001,6142.94,6971.7400000000025,7655.790000000001,161794.93000000002,12549.709999999995,11073.499999999996,13325.590000000006,11864.729999999996,19623.739999999994,18296.040000000005,16603.739999999994,18738.27,16074.569999999996,15340.789999999999,20922.809999999998,19210.589999999986,20110.01,16227.30999999999,22004.649999999994,26898.610000000015,22495.83000000001,15642.41,15008.119999999988,18279.71,673880.5899999999,MUNICIPAL
05522917000501 UNIDADE INTEGRADA DE SAUDE DR OZEAS SAMPAIO,2633.19,3532.350000000001,937.9799999999998,1006.24,1529.56,1545.16,2909.47,2347.87,3304.7400000000007,3773.6400000000012,2168.4500000000003,2302.6100000000006,3122.8900000000003,918.29,1098.66,1564.8400000000001,1488.3600000000001,1711.87,1663.6,543.5,1071.8600000000001,1085.4299999999998,3267.3800000000006,3756.6400000000012,3695.4499999999994,5654.310000000003,6874.570000000005,501.66,0,0,0,0,0,0,0,0,8633.689999999999,12747.509999999997,13595.129999999994,8171.960000000001,10639.789999999995,13351.879999999997,133150.53,12613.129999999996,12040.439999999995,13890.239999999987,15984.44999999999,15187.789999999979,19559.8,17712.67999999999,16949.70999999998,20292.100000000013,20219.410000000003,17266.649999999998,11893.679999999998,15076.449999999983,15864.969999999987,20625.349999999988,20395.75,19734.78999999999,21155.74,21902.66000000001,23831.11000000001,618497.96,MUNICIPAL
05522917000684 UNIDADE INTEGRADA DE SAUDE DR LUIZ MILTON DE AREA LEAO,2883.1299999999997,4092.180000000001,3073.57,3264.629999999999,2467.1700000000005,4614.640000000001,3640.47,4082.26,3781.000000000001,5221.290000000003,2915.8200000000006,1591.23,2120.8399999999997,1787.4899999999998,800.3800000000001,1901.5899999999997,848.8899999999999,1215.17,0,1460.8899999999999,1634.4499999999998,2143.68,1645.1199999999997,4174.240000000002,4417.690000000001,0,2114.9100000000003,2349.49,1595.52,0,0,0,0,8245.49,23278.32999999999,75599.2999999998,22827.560000000016,58410.39000000005,53930.81000000005,51783.90000000008,46538.72000000003,40542.54999999998,452994.79000000004,20692.80000000002,62115.84999999997,52178.26000000004,40941.65000000005,44791.98999999992,56691.399999999965,53845.7499999999,49360.18999999997,59036.499999999876,67465.18999999984,68967.82999999977,48191.089999999975,48900.27999999997,59366.95000000001,73565.18999999993,65624.61999999997,71641.92,77795.09999999992,58222.92999999993,56886.929999999986,2042271.999999999,MUNICIPAL
05522917000765 UNIDADE MISTA DE SAUDE D ANTONIO PEDREIRA DE A MARTINS,23768.38000000001,22393.96000000002,26478.750000000036,33112.059999999954,29773.260000000024,25247.67000000005,22900.40000000003,24475.63000000001,31543.399999999987,41344.27999999991,45227.71999999988,32987.61,35150.56000000003,27620.929999999986,32454.879999999936,32735.43999999994,31609.11999999994,32213.65999999992,32559.559999999903,33911.9299999999,33191.61999999995,59178.86000000017,5115.750000000002,10695.309999999998,3790.6200000000013,0,0,20305.730000000018,34314.53999999998,18595.890000000003,43457.3500000001,48641.95000000016,43490.88000000006,78065.56000000007,63669.380000000194,89511.63999999972,67956.39000000012,59237.67000000005,64383.57000000008,77970.16999999995,58154.97000000003,55112.62,1552349.6700000002,64644.61000000006,68187.12000000027,66099.72000000019,63297.92000000007,65905.83000000016,78941.04999999997,77335.24999999999,88559.30000000002,75309.95999999993,75838.55000000005,81175.90000000005,44193.31000000008,79830.40999999999,89380.41000000006,44045.67999999997,64583.53999999997,89759.81000000038,93723.48000000032,101455.36000000034,79885.39000000022,4596851.940000002,MUNICIPAL
05581756000195 CENTRO DE PEDIATRIA DE TERESINA LTDA-CEPETE,15547.109999999997,20350.140000000018,16095.019999999999,13275.74,11735.669999999998,16612.579999999998,20094.98999999999,21442.559999999994,20743.530000000002,23876.319999999992,25888.11999999998,22215.1,14413.409999999998,17697,9638.839999999998,18703.69999999999,0,16053.199999999999,15779.000000000004,27810.46999999999,17103.39999999999,14996.539999999997,14454.949999999997,17907.769999999997,18089.37,16124.220000000003,16958.450000000004,12315.62,11350.180000000002,12426.450000000006,13919.6,14575.480000000003,16576.499999999996,15419.779999999997,15137.029999999995,11120.49,13011.93000000001,13373.220000000007,12533.090000000002,9249.86,10950.93,9128.3,654695.6600000001,12820.690000000004,10813.319999999998,13492.31,12812.540000000003,13887.04,13855.730000000007,15548.45,16798.680000000008,17228.51000000002,24804.760000000006,24339.020000000004,17214.170000000016,15807.560000000005,22186.609999999993,32500.06000000005,29627.300000000017,30121.38000000002,17600.82,26458.390000000018,27020.380000000016,1704329.040000001,PRIVADO
06553689000249 UNIDADE MISTA DE SAUDE DE BOCAINA,5456.810000000001,5199.590000000001,5405.3099999999995,3429.76,5090.720000000001,4070.4600000000005,4744.739999999999,4080.230000000001,5303.060000000001,4442.760000000001,4074.1100000000006,4358.560000000002,3584.580000000001,3328.4699999999993,3313.98,3511.880000000001,3393.7000000000003,2720.830000000001,3340.720000000001,3135.4100000000003,3548.0500000000006,3711.4700000000016,3208.03,3611.460000000001,3323.360000000001,3243.5400000000013,3472.1800000000017,2912.0300000000007,2511.1900000000005,0,2630.07,3767.5200000000013,3496.2200000000003,3802.0100000000007,3777.8300000000013,3268.2500000000005,3387.9800000000005,3530.5500000000006,3339.930000000001,3250.8600000000006,3307.21,3090.270000000001,152175.69000000006,2778.5100000000007,0,2717.9700000000003,5704.730000000002,3470.7100000000005,4428.19,4351.85,4595.290000000001,3664.34,4109.769999999999,4102.7,3218.8700000000003,4042.4500000000016,3638.9600000000005,4068.8600000000015,3360.380000000001,4193.380000000001,4981.78,4549.450000000002,4165.660000000001,380495.23000000016,MUNICIPAL
06553846000216 HOSPITAL LUIS GONZAGA DA ROCHA,0,0,0,0,0,0,0,0,0,0,0,0,3246.05,4210.210000000001,2368.5400000000004,3868.1000000000004,4006.5700000000015,2389.3800000000006,2571.2500000000005,3517.020000000001,2550.6900000000005,4009.5300000000007,2653.8600000000006,2212.540000000001,2249.49,2494.4000000000005,4560.709999999998,2241.5500000000006,0,4500.2699999999995,4326.3,3132.9900000000002,3646.55,3476.48,3275.8799999999997,3006.4300000000007,2957.24,3034.5700000000006,2929.8600000000006,3023.0700000000006,3004.140000000001,3029.380000000001,92493.05000000005,3022.8000000000006,3069.26,3016.6000000000004,2714.5400000000004,2990.2000000000007,3541.5500000000006,3701.3000000000015,3804.040000000001,3761.5099999999998,3741.0300000000007,3736.310000000001,3702.3700000000013,3804.3300000000013,3768.3100000000013,3738.4100000000003,3753.3500000000017,3710.4300000000007,3833.0500000000015,3868.4900000000007,3869.140000000001,256133.12000000008,
06553853000137 SMS DE SIMOES,5295.380000000001,5312.160000000002,5491.879999999999,5525.7300000000005,5674.840000000001,5054.459999999998,5346.13,5898.109999999999,6065.5099999999975,6471.800000000001,6063.65,5827.019999999999,5318.350000000001,4185.940000000002,5129.470000000001,5475.079999999999,5934.449999999998,5545.05,6003.630000000001,5983.510000000002,5809.62,5726.149999999999,5418.929999999999,5002.049999999998,5293.459999999999,5531.399999999999,5241.609999999999,5336.910000000001,5342.5300000000025,6306.51,5387.84,5268.469999999999,5448.639999999998,5330.48,5259.7699999999995,5201.38,5284.130000000001,5404.370000000002,5226.080000000003,5569.9,5267.42,5373.339999999999,230633.13999999998,5264.209999999998,5301.9,5913.63,5220.849999999998,5295.02,6631.48,13132.979999999989,12952.549999999988,12811.239999999994,7952.890000000002,7852.82,12375.969999999988,12216.239999999994,12036.059999999994,11099.799999999996,12270.049999999994,11876.939999999997,9705.479999999992,10037.609999999991,9788.34,651002.3399999999,MUNICIPAL
06553986000294 HOSPITAL MUNICIPAL JOAQUIM MARQUES,3926.1300000000006,4105.680000000002,3972.1700000000014,4035.8400000000015,2611.2200000000003,3215.930000000001,5344.220000000002,3640.1300000000015,3481.960000000001,4549.910000000001,4538.35,4504.960000000001,4729.990000000001,3817.880000000001,4991.720000000001,4671.34,5171.560000000001,3702.9299999999994,4867.8200000000015,6132.380000000003,3855.6400000000012,3835.3500000000013,3890.6900000000014,3586.210000000001,3652.960000000001,4698.760000000001,4798.090000000001,4074.8300000000013,1083.25,913.84,4818.660000000001,4180.88,5107.83,5178.449999999999,5481.91,5430.780000000001,5765.789999999998,5788.149999999999,5262.919999999999,5474.880000000001,5148.3099999999995,5132.909999999999,183173.21000000005,5154.199999999998,5241.150000000001,5174.69,5199.63,5088.319999999997,6107.949999999999,9600.900000000005,9160.160000000003,9518.710000000001,7212.390000000002,8146.030000000003,7612.730000000002,7287.5700000000015,7620.909999999997,6480.5199999999995,6414.400000000001,6369.600000000001,6729.5,7011.5199999999995,9011.800000000001,506489.1000000002,MUNICIPAL
06554364000108 UNID MISTA CRISTINO CASTRO,9163.25999999999,0,20183.05999999999,9719.599999999993,9250.869999999992,8454.019999999995,10317.729999999992,9094.179999999993,10310.599999999995,13401.969999999981,11739.619999999999,9133.269999999991,8938.849999999997,8652.929999999998,7806.519999999998,9441.359999999995,9219.019999999997,9736.999999999996,10508.29,10750.869999999992,9569.209999999995,9208.259999999998,9066.319999999996,8883.899999999994,8437.33,8686.479999999992,8789.159999999994,9067.709999999995,8794.27,7032.490000000003,6820.480000000001,9199.170000000004,7703.909999999996,9169.109999999993,9244.469999999985,8981.259999999993,9027.279999999992,8384.399999999994,9020.739999999996,8902.989999999996,8597.139999999992,8999.099999999997,387408.1999999997,8814.840000000002,8487.749999999993,9038.169999999996,9043.18999999999,8766.239999999996,12718.349999999997,12647.820000000002,12673.390000000005,12007.109999999997,11697.029999999992,11019.249999999995,11584.989999999993,12687.359999999997,12410.880000000003,12704.75000000001,12772.539999999999,12185.000000000005,10864.880000000003,11371.180000000004,11590.809999999994,999901.9299999994,MUNICIPAL
06554430001294 HOSPITAL MUNICIPAL DIRCEU ARCOVERDE,38632.78999999995,37803.56999999997,36950.12999999999,36957.00999999995,36137.669999999984,36408.31999999998,33643.53999999999,36306.919999999955,36408.169999999925,38706.98999999999,38881.85,35814.86999999997,36815.999999999905,36326.81999999992,38260.779999999926,37342.73999999993,37289.14999999993,33975.44999999992,35008.999999999935,34316.91999999995,35065.099999999955,37439.669999999984,35135.749999999985,37699.82999999995,34718.64999999996,34965.05999999996,33323.76999999997,21800.699999999993,18413.189999999984,20519.679999999982,0,0,0,30413.89999999999,42280.65000000002,36236.86,34682.93000000002,35735.65999999994,36731.519999999975,36575.279999999984,36454.05000000002,33299.63,1363480.5699999987,33981.61999999999,36324.88000000006,35669.42000000003,41166.55000000003,0,112222.02999999991,56162.90999999997,60880.869999999915,60893.65999999998,55224.17999999996,55440.56999999995,53133.929999999986,55872.57999999988,59008.249999999876,63496.079999999914,64983.3099999999,68048.79999999987,64704.63999999993,67426.16999999991,66345.07999999991,3837946.6699999976,MUNICIPAL
06554448000990 HOSPITAL MUNICIPAL NOSSA SENHORA DA CONCEICAO,7523.460000000002,9017.089999999998,9588.029999999997,7220.97,8585.849999999997,9471.919999999998,8859.089999999998,7495.160000000003,8303.120000000004,7292.300000000002,9020.709999999997,8483.859999999999,4558.99,4547.64,6529.4000000000015,4450.760000000001,5553.22,4139.670000000001,3974.140000000001,7680.260000000003,6542.390000000002,6924.3,7396.909999999998,6823.289999999998,7163.449999999997,11773.289999999992,6359.889999999999,7247.770000000003,7665.230000000001,5443.9900000000025,6114.839999999996,11749.189999999984,9304.619999999994,11902.129999999996,12078.299999999992,11799.97999999999,11832.299999999997,17987.629999999997,11221.19,10641.279999999995,10196.21,10267.629999999997,350731.44999999995,11844.189999999988,15311.529999999982,12706.94999999999,10973.579999999998,11683.359999999995,16064.74,16572.500000000022,16114.500000000022,15831.129999999997,15784.500000000004,16367.550000000007,14172.479999999996,16448.489999999987,16261.230000000009,15208.740000000003,16847.39,17534.050000000003,16964.219999999994,16816.069999999996,16458.59000000001,1007428.6899999997,MUNICIPAL
06554794000898 HOSPITAL DE ALTOS INSTITUTO DE SAUDE JOSE GIL BARBOSA,21352.38999999999,19717.89000000001,20327.469999999983,20317.729999999967,18174.699999999997,21043.00999999998,24164.52,18443.46999999998,19120.09,20186.370000000024,25357.770000000026,20687.299999999996,20173.899999999983,17843.320000000003,20079.610000000022,16773.00999999999,21256.8,23643.200000000015,20638.139999999974,20782.630000000005,20913.159999999985,18266.549999999996,14058.209999999995,19697.700000000004,19501.43999999999,18936.269999999986,17848.069999999978,14214.670000000002,9896.470000000001,11827.949999999993,16997.739999999983,16600.01999999998,18635.169999999984,17631.049999999985,22594.499999999993,17227.60999999998,17037.76999999998,12490.879999999981,15606.219999999985,17150.539999999968,16640.539999999986,18131.399999999983,781987.2499999997,16708.43999999998,17416.09999999998,21790.09999999999,19126.13999999999,19119.359999999982,27889.37999999998,27254.31999999998,20357.709999999985,17409.88999999998,15208.709999999985,20011.799999999977,22517.100000000002,22776.32999999998,3116.480000000001,30154.190000000013,24039.030000000002,29617.530000000083,26103.719999999983,26936.139999999963,25514.260000000013,1997041.229999999,MUNICIPAL
06555031000195 SAMIU,74253.43000000005,76838.72999999998,63484.29999999997,68128.48000000003,54839.720000000016,49865.68000000001,47829.26999999997,52473.75999999996,56807.99999999999,48185.670000000035,60531.70000000007,51168.81000000005,32291.890000000007,30482.480000000003,39317.879999999976,33650.70999999999,42601.37999999997,39018.94000000003,34008.20000000002,23789.400000000012,38246.95999999998,28404.810000000005,49373.38000000004,42741.509999999995,38179.97000000002,51472.78,35306.690000000024,31376.51,39846.54999999998,34814.91000000002,37255.76,29347.100000000002,36879.79,28049.789999999994,27376.74999999999,28678.300000000003,30870.73,32449.109999999982,31110.43999999999,24177.10000000001,33723.56000000002,26771.759999999987,1736022.6900000004,22866.76,27168.019999999993,27245.680000000004,24686.520000000004,22464.65,15470.630000000003,25576.650000000038,24045.680000000026,24690.710000000032,25487.69000000003,29941.400000000045,18128.150000000012,17598.120000000003,28130.090000000037,30360.560000000034,28194.67000000002,22390.390000000007,22229.04000000002,15868.22000000001,21289.220000000016,3945878.230000001,PRIVADO
06600100000135 CASA DE SAUDE DR SEBASTIAO MARTINS LTDA,32603.449999999983,31915.589999999993,31403.829999999976,32401.179999999993,31476.889999999927,34456.869999999944,30349.319999999967,32288.48,30944.389999999996,30970.429999999964,30425.22999999998,31638.809999999965,29588.769999999975,27670.51999999998,29849.20999999993,30221.719999999943,30507.35999999993,32619.04999999995,30901.409999999938,29570.41999999996,30260.899999999954,29413.62999999998,28909.14999999994,23787.489999999983,30104.429999999964,29253.679999999964,29266.48999999995,29673.839999999953,30199.149999999932,30114.69999999994,30207.09999999996,29283.579999999976,28878.539999999994,28646.39999999998,23802.999999999964,27865.119999999963,26571.439999999948,28580.169999999944,24905.749999999975,25968.449999999975,29898.249999999967,25601.79,1242995.9799999984,27646.579999999936,28829.019999999946,29238.069999999963,29795.539999999994,30065.479999999956,37537.59000000001,37580.40999999997,37229.17999999997,37570.37999999996,37622.00999999998,37547.650000000045,37524.93999999998,37395.14999999994,37494.70999999995,37581.719999999994,37527.21000000002,37392.009999999966,34503.840000000026,35867.399999999994,32440.259999999984,3184381.1099999957,PRIVADO
06618011000116 HOSPITAL E MATERNIDADE PETRONILA CAVALCANTI,36498.68999999995,34750.85999999996,33891.34999999995,28157.910000000047,24026.11000000001,24078.17000000001,28078.910000000003,19929.729999999985,20229.699999999997,20642.060000000005,15936.27999999999,17435.16999999999,16727.589999999982,16328.28000000001,14105.789999999995,15411.81999999998,15837.969999999987,15279.039999999988,13890.42999999999,10920.759999999993,13553.619999999995,17594.699999999968,17527.259999999987,17466.699999999983,17339.529999999984,17512.2,16645.799999999996,15494.279999999988,17464.959999999995,16510.559999999983,16393.199999999997,16913.24999999999,15655.729999999994,16689.619999999988,13621.339999999995,12725.21999999999,13406.149999999981,13290.27999999999,12832.519999999982,12770.49999999999,14412.279999999992,12957.829999999982,760934.1499999996,13657.099999999984,14723.559999999992,12673.629999999992,13738.129999999992,12960.309999999987,17509.99,17522.83000000001,17538.06000000001,17528.820000000018,17555.12000000001,17563.480000000014,17504.210000000017,17640.27000000001,17551.020000000004,17617.17000000001,17712.54000000001,18023.550000000014,17782.04000000001,17081.190000000017,17750.71,1853502.0299999993,FILANTRÓPICO
06701254000113 CASA DE SAUDE NOSSA SENHORA DE FATIMA,84999.51000000005,81736.52999999987,81185.78999999992,87351.17999999998,85145.34999999993,80962.67999999996,83159.09999999998,76057.71999999991,76935.07999999989,78286.09999999999,76096.53000000001,87482.72000000006,79872.75999999992,73343.48000000003,78248.16999999997,81646.71999999988,77572.44000000006,81509.51999999997,84019.66,83177.79999999993,80507.98000000004,78962.33000000006,89190.3700000001,80040.98000000008,82709.10000000003,86892.37000000005,87997.7000000001,97452.00000000013,85311.46000000004,80847.02000000018,86666.56000000026,93658.15999999963,91673.93999999997,87043.62000000011,85498.14000000016,86128.18999999999,83719.1300000001,85802.6000000001,86527.98000000004,85859.47000000012,84960.07000000012,85752.94000000012,3511990.95,84902.84999999992,85817.22000000003,84956.3,85796.81000000003,82791.81000000008,109220.59999999986,105075.11999999994,110008.55999999995,110018.25999999972,110174.81999999988,110740.76999999971,110501.53999999975,110457.74999999987,110703.88999999997,110490.86999999972,109764.44999999981,115379.83999999992,115518.78999999986,110792.90999999989,115311.65999999997,9112406.719999997,PRIVADO
06705990000140 MAT DR MARQUES BASTO E HOSP INF DR MIROCLES VERAS,65146.04999999996,60648.35999999998,58996.98999999997,55913.60999999992,53947.35999999995,60217.24999999991,57014.01999999992,56528.319999999934,59786.03999999993,53974.459999999955,57466.769999999946,54601.36999999992,58167.669999999875,55774.92999999995,56461.189999999806,57419.969999999914,57464.65999999988,57691.29999999985,57138.40999999984,57370.27999999987,57995.82999999984,55996.2399999999,54793.49999999991,57507.799999999996,65142.76999999999,57041.20999999989,64706.98999999997,62612.029999999904,57191.79999999996,52161.1299999999,56479.23,60841.12000000017,58719.620000000155,77180.86000000003,54534.21000000013,56494.08000000016,54933.669999999875,55663.549999999836,58115.52999999989,58641.86999999992,55023.289999999855,50621.72999999989,2434127.069999998,54354.900000000205,54466.70000000016,57961.050000000185,55154.03000000018,57545.35000000019,77621.66999999977,75139.72999999982,79976.45999999986,79982.58999999972,75771.33999999982,75986.06999999977,79624.5099999999,73458.78999999994,78970.16,79872.43999999983,78760.30999999987,84060.69999999995,85250.46999999986,85120.80999999988,84032.82999999983,6341365.049999994,FILANTRÓPICO
06706246000160 SANTA CASA DE MISERICORDIA DE PHB,55455.71000000003,62788.659999999974,55851.11999999995,55741.65999999995,55298.36999999998,54804.75999999991,48133.91999999993,57229.879999999925,52884.459999999985,46317.090000000004,53711.74999999995,51091.42000000006,52074.960000000065,50138.25999999995,57837.26999999992,58479.80999999989,54382.29999999996,57612.689999999915,54956.82999999999,52898.10999999998,53301.18999999998,46202.43000000002,46241.03000000006,46172.64000000004,46047.670000000006,46088.59999999999,46134.630000000034,46270.51999999999,45944.40999999997,46136.15000000007,63758.88000000016,63413.50000000052,60079.15000000041,47157.16000000005,46793.54,46053.77999999998,49136.74000000008,49879.78000000002,49172.42999999992,49268.32999999996,49109.36,49272.829999999994,2179323.7800000003,49202.22000000002,48701.92000000008,49155.94,49215.15000000023,49145.75,64253.92999999983,64487.609999999884,65293.53999999987,67334.75999999975,65500.06999999985,65019.46999999982,65493.92999999981,63989.7699999999,66914.6299999999,67278.93999999997,67750.46999999993,67748.04999999993,67566.84999999993,67897.30999999997,67780.8799999999,5598378.749999999,FILANTRÓPICO
06707814000147 HOSPITAL GERAL DE PICOS,37677.48999999994,41016.759999999944,38735.859999999935,35734.489999999896,33972.35999999992,38127.30999999992,32620.489999999918,37082.2599999999,32067.709999999915,31602.199999999924,31406.35999999994,34048.17999999993,33006.889999999934,28002.799999999956,30951.47999999994,34057.24999999991,33772.27999999993,34308.92999999991,34074.63999999992,35170.36999999992,35349.589999999946,34445.60999999991,40120.60999999993,39822.30999999992,40684.06999999995,37027.71999999993,37015.82999999991,37058.62999999992,36996.14999999993,37095.94999999992,34964.31999999995,37109.00000000002,37216.079999999965,37152.689999999995,36407.74999999999,36980.73000000004,37019.419999999925,36920.97999999993,36458.199999999895,36986.69999999991,37085.87999999992,37013.729999999894,1504368.0599999973,36970.20000000002,36997.549999999974,37020.07999999998,37055.08999999998,36946.92999999999,49432.01999999998,49660.69999999995,49707.609999999964,51969.3299999998,51981.98999999985,51915.77999999983,49712.859999999855,55457.09000000001,55376.17,52169.58999999995,51909.34999999996,54934.29999999993,49092.93999999995,53327.289999999935,52237.48999999997,3972610.479999993,PRIVADO
06714315000187 CASA DE SAUDE JOAQUIM SOLON REIS,0,0,0,0,0,0,0,0,0,0,0,0,0,0,0,0,0,0,0,0,0,0,0,0,0,0,0,4266.3600000000015,4355.05,4366.35,4620.71,4351.919999999999,4341.3600000000015,4158.7300000000005,4467.18,4177.3200000000015,4172.600000000001,4219.43,4199.780000000001,4129.010000000001,5781.6200000000035,5590.4500000000035,67197.87000000001,4889.760000000001,4589.26,4319.739999999999,4307,6043.749999999997,5324.890000000002,7657.409999999999,8146.789999999997,7953.920000000005,5638.630000000002,5683.230000000003,7962.250000000004,8508.84,7703.87,7211.709999999998,8019.54,7998.590000000005,8121.4,8058.169999999999,8125.630000000001,270660.12000000005,
06734248000162 CLINICA INFANTIL DE PICOS CLINP,19587.42999999999,21184.51999999999,18606.34,20696.48,21369.279999999984,19579.779999999995,18571.649999999998,18572.040000000005,19665.79999999999,19133.40999999999,20517.61,18033.549999999996,16393.77,16620.700000000004,14155.61000000001,16975.440000000006,16986.06,16924.750000000004,13778.370000000006,18227.840000000007,18230.980000000014,14943.18,21035.329999999987,21998.69999999999,22006.520000000004,22019.700000000023,22006.06000000002,22017.619999999988,22015.820000000014,22005.140000000007,19621.499999999996,22008.680000000026,22128.320000000007,22136.790000000005,22195.26000000002,21728.480000000014,22219.619999999995,21988.489999999994,22188.539999999986,19684.11000000001,22151.859999999982,22077.009999999995,833988.14,21581.830000000005,22074.810000000005,21451.29,22463.340000000007,22423.410000000003,26806.71000000001,29042.350000000024,26874.440000000002,28760.170000000002,28163.4,28287.910000000003,28167.750000000015,28143.700000000023,27730.02000000003,27524.16000000002,28865.79000000002,28291.990000000013,27776.000000000004,27775.579999999994,24044.610000000015,2194225.54,PRIVADO
06738876000116 POLICLINICA PAZ LTDA,,,,,,,,,,,,,,,,,,,,,,,,,,,,,,,,,,,,,,,,,,,,0,0,0,0,0,0,0,0,0,9025.070000000003,1270.59,13676.88000000001,14210.889999999985,11121.760000000002,10388.649999999994,11515.009999999993,11145.649999999994,9937.18,10084.510000000002,10339.239999999998,112715.43,
06755854000164 CASA DE SAUDE E MATERNIDADE NOSSA SENHORA DOS REMEDIOS S/C,15461.459999999992,13903.179999999988,13233.629999999986,13403.029999999984,10778.479999999985,15105.589999999982,16611.789999999986,13964.799999999985,14219.429999999984,13869.289999999983,15238.889999999992,17804.19999999999,17219.489999999994,17623.42,17974.730000000003,17997.609999999986,17374.999999999993,18617.419999999995,18537.799999999992,18510.399999999983,17978.949999999986,18020.18999999999,17922.23999999999,17776.00999999998,17976.39999999999,19366.829999999984,19323.55999999999,19427.920000000006,19559.96,19637.14999999998,19069.399999999998,19415.449999999997,19205.599999999988,18747.930000000008,19072.340000000004,19473.96,19130.069999999978,18917.299999999992,18977.409999999996,19446.619999999984,19509.16999999999,19324.719999999998,734728.8199999997,19492.669999999995,19002.02999999999,19333.719999999994,19290.07,18967.230000000018,25184.36000000002,25543.010000000028,24955.94000000003,26169.250000000007,25730.87,25716.02000000001,26065.32000000002,25801.39000000002,26165.359999999975,25726.720000000012,25921.76000000003,25825.690000000013,24382.789999999997,26371.31,25898.820000000003,1951001.9699999997,PRIVADO
06768485000144 SEPAM,23985.859999999964,21958.36999999997,22886.499999999993,21040.359999999982,22121.11999999999,22847.069999999967,21593.25999999998,19993.219999999983,18261.459999999985,20985.57999999999,26771.79000000003,18805.769999999986,19075.549999999977,19740.439999999995,19738.49999999999,19391.589999999986,19666.84999999999,20463.919999999984,21509.369999999963,18993.29999999998,20084.51999999997,18338.589999999993,19805.949999999986,19796.49999999999,19058.219999999994,14662.659999999985,14913.109999999984,16030.119999999986,15586.04999999998,13760.819999999989,13489.229999999985,13885.939999999991,15135.539999999988,13877.089999999993,13895.459999999988,13778.189999999991,12764.299999999981,13191.099999999988,12681.319999999983,14726.249999999978,12795.019999999984,12649.559999999987,754735.4199999991,12521.759999999995,12780.89999999999,12569.709999999995,12736.08999999999,12765.289999999988,15822.339999999987,15854.199999999984,15556.10999999999,15963.479999999983,17973.099999999995,17148.86999999999,13811.969999999992,17867.12999999999,15998.37999999998,25846.350000000017,22892.490000000023,21566.470000000016,15984.759999999978,19864.210000000003,18973.809999999998,1843968.2599999981,PRIVADO
06795116000140 CLINICA SANTA EDWIGES,43951.21000000003,45637.360000000044,39506.88999999999,43152.73000000002,38228.11000000003,45020.63000000005,43207.69999999996,40616.63999999996,47161.24000000002,42054.20999999996,46770.870000000046,51451.37000000006,46802.430000000015,44424.35000000002,48107.86000000002,46538.74999999996,53553.99000000004,37114.289999999964,45823.15999999999,47698.24000000006,48368.430000000015,47569.24000000002,51120.21000000003,46114.04000000003,44769.49000000003,47643.52000000005,44314.16,51046.47,50156.36,52566.450000000004,53644.9300000001,54135.03000000008,50480.39000000004,46498.390000000014,53476.98000000006,51959.81000000004,56827.82000000004,47749.84000000001,39183.57999999997,48432.56,45263.439999999995,40635.399999999965,1968778.5700000008,44011.06000000003,40121.14999999998,53532.01000000001,48738.15000000008,44043.799999999996,62152.669999999904,59403.019999999975,58548.88999999995,69010.50999999995,65456.38999999985,65519.32000000001,66303.54999999984,65705.14999999997,58748.51,65224.25999999992,68488.49999999993,67778.61999999992,63860.999999999985,78332.24000000008,126271.75999999979,5208807.699999999,PRIVADO
06833917000153 CASAMATER,329493.27999999985,340591.79999999853,354051.9999999998,304385.91999999614,263518.25999999896,293539.74999999825,319202.3099999991,247320.51999999955,269454.84999999875,235443.37999999992,273115.2099999989,255398.35999999868,258439.30999999982,230848.5700000013,243215.75000000134,220851.02000000063,187541.5000000014,197879.550000001,153216.99000000104,123874.06000000048,205257.27000000095,77565.99000000018,141114.78000000087,169051.3200000014,153150.9700000011,144583.460000001,132102.6800000012,104059.09000000035,114901.5000000004,82288.01000000008,99443.86000000025,98047.0400000003,122266.59000000027,97007.78000000035,111073.38000000037,110866.54000000033,102212.60000000021,105413.55000000025,104199.71000000021,108552.89000000013,116145.33000000057,114370.73000000017,7715057.460000002,97085.29000000031,116199.70000000046,117366.68000000049,118023.69000000045,119044.11000000048,147211.11000000016,160511.66000000003,148081.79000000036,171708.14000000106,158371.25000000093,148413.73000000085,147283.23000000062,142805.0900000005,142279.2500000003,148052.46,145459.68000000017,145882.10000000027,147757.13000000006,185967.78,190114.62000000008,18327733.410000015,PRIVADO
06842470000189 MATERNIDADE SIGEFREDO PACHECO,13365.14,12468.669999999991,13139.150000000003,13418.560000000003,12507.039999999999,13419.41,12554.08,12447.009999999995,12789.119999999997,14888.160000000002,13375.34,12879.559999999992,12360.419999999984,12193.380000000016,12700.420000000015,12452.189999999995,16930.39000000001,16407.50999999999,14043.770000000002,13029.82,13010.989999999996,12330.229999999996,12516.619999999999,12767.659999999994,15169.759999999984,14205.09999999999,13900.479999999987,14432.20999999999,14409.769999999984,14436.999999999982,14681.519999999973,14299.219999999968,14477.039999999977,15044.52999999997,14351.329999999987,12091.349999999988,14253.069999999982,14326.029999999988,13637.09999999999,13491.119999999986,13581.640000000001,13546.67999999999,572329.5899999995,13509.779999999984,11642.679999999977,11906.36999999998,12711.639999999978,13293.499999999985,19667.71000000001,20060.380000000005,19870.43,20053.43,20074.42000000001,20011.70000000002,20090.26000000002,20129.56,20084.460000000003,19914.620000000003,20091.790000000008,20170.890000000003,20141.860000000008,20079.229999999996,20201.940000000002,1508365.8299999987,FILANTRÓPICO
06846547000199 SANATORIO MEDUNA,107783.60000000021,129386.48000000014,135329.57999999958,107748.98000000017,168299.82000000015,170515.02,170311.9599999995,157113.06000000008,171419.5599999996,162300.3200000001,80854.79999999986,158792.9200000001,150042.87999999998,150301.3199999999,149156.80000000005,146166.28000000003,153747.73000000004,171182.04,159639.54999999996,150432.3599999997,159331.2800000001,149446.85000000027,147529.61999999982,149723.75000000012,129576.96999999996,130435.64000000007,161531.5400000001,161896.14000000004,154216.95000000024,133819.62000000023,133797.99000000002,134201.41999999987,149543.16999999995,139995.68000000002,131934.49000000017,139411.40000000005,128800.20000000008,134973.05000000002,128787.80999999998,127802.7200000001,128798.1100000001,128463.30000000002,6034542.759999999,128754.32999999994,128763.49000000003,128792.07999999994,128758.57999999997,128767.25999999992,161003.84000000026,174941.69999999987,174992.17,179987.44000000006,179951.1699999999,174967.25000000015,174986.00000000003,174851.46,174174.25000000003,174263.9700000001,174468.86000000007,174946.88000000006,174929.0999999999,175029.81000000017,175011.06000000003,15331426.219999999,PRIVADO
06852636000148 CLINICA SAO LUCAS,36176.58000000002,49968.29,48542.849999999984,34381.18,39322.899999999994,42359.010000000024,60124.53,40377.47000000004,45325.410000000025,37274.30000000002,46266.35000000003,35568.759999999995,35444.869999999995,20902.970000000005,20758.499999999996,31320.81,29110.639999999996,51353.83,34323.759999999995,29583.879999999997,36597.01999999998,17617.32000000001,37454.29000000002,30633.930000000004,27627.829999999998,35065.45000000001,27068.420000000006,30608.03000000001,29680.140000000003,25809.59,25796.83,25811.329999999984,26613.120000000003,15650.910000000002,33801.17,25811.03000000002,23722.24,24188.269999999993,23481.090000000004,28801.869999999988,25812.710000000003,24366.08,1370505.5600000005,25808.08,24529.74999999999,25544.939999999995,25488.310000000005,25544.289999999997,30945.449999999997,32283.949999999993,41658.35,43353.00999999998,41873.42000000005,39647.76000000005,31499.650000000005,42264.55999999998,32264.99999999999,44250.02,41132.03999999997,40968.729999999996,32262.799999999996,51924.99999999998,52221.35,3466477.5800000015,PRIVADO
06870026000177 HOSPITAL SAO MARCOS,492853.98,459670.77999999904,413897.8800000001,367603.71999999945,361337.3099999989,419998.46000000066,343598.50999999966,338079.1799999989,400206.5900000006,331657.87999999896,307950.70000000007,304222.7699999998,299183.77000000014,211795.58999999973,260597.4000000001,294724.81999999925,340850.7199999989,426554.9300000012,258103.07000000015,305026.86999999976,301493.41999999963,214701.3099999998,232021.8899999998,285273.4500000001,226520.3099999997,249322.75999999998,252191.70000000016,247156.94999999984,343336.3399999995,280585.5499999997,275771.5799999997,217857.4799999998,234322.57999999975,215709.3299999998,219873.5799999999,213196.99999999977,220620.67999999944,201538.5699999998,202582.17999999953,203273.26999999935,202915.33999999956,158545.09000000008,12136725.289999994,143575.64999999985,200071.33999999962,196816.01999999996,200946.81000000003,207250.23000000004,252692.3700000002,286278.71000000037,459654.44999999955,313430.4799999998,348951.90999999875,340648.4300000012,269684.7199999991,234917.5000000001,292180.9200000001,279631.73000000004,290840.2500000001,299735.7,285621.21000000025,311441.7400000003,331570.91,29819391.65999999,FILANTRÓPICO
06873111000199 HOSPITAL SANTA MARIA,294428.5399999995,250168.12999999954,341261.53999999893,285879.8999999994,301453.1499999992,255626.89000000025,241395.74999999953,270368.1700000004,266790.0199999995,257003.95000000048,273364.2499999993,252704.44999999995,260969.03000000076,229907.08000000066,256434.10000000146,257590.15000000026,264862.3499999999,269579.60000000044,244858.1700000001,206906.02000000008,219638.74999999988,190089.9799999997,200770.09999999992,248849.65000000075,198729.06000000014,242098.97000000044,219742.65000000005,221484.84999999954,211216.40999999963,186161.27999999994,105055.12000000017,259297.17000000013,204602.66999999995,186195.39000000022,181916.86000000013,185143.49000000002,170374.17000000007,174779.59000000003,170409.12999999995,195281.9999999999,170654.34000000017,171303.62000000002,9595346.49,171213.5700000001,171141.63000000012,170862.5200000001,170627.83000000002,178089.3500000002,211506.54000000004,244914.58999999968,311789.6799999994,246375.83999999927,255490.98999999938,265254.7999999996,246886.0599999994,249167.09999999963,266656.6399999996,282354.0299999996,261590.05999999974,215040.7399999998,284110.30999999953,300740.76999999967,273460.9699999997,23967966.999999993,PRIVADO
06981716000101 SERVICO DE A MED DO P LTDA-SAMEPI,42796.48000000008,44273.300000000076,43093.2700000001,42444.40000000002,38263.57000000007,37156.46000000005,36748.09000000007,32923.080000000045,29926.130000000077,34741.41000000003,36672.39000000009,23565.330000000024,23832.340000000037,24100.02000000003,23678.680000000008,23910.83999999998,24069.840000000033,26203.540000000034,21810.34,22489.30000000001,23853.92000000007,20912.950000000008,22921.760000000013,23174.259999999987,20090.130000000026,20301.50000000002,18168.55999999999,19327.22999999998,16512.689999999984,14955.469999999985,14710.989999999989,15212.999999999984,18177.81,16083.309999999987,16419.549999999992,16527.089999999993,14995.37999999998,14932.759999999984,0,31728.190000000028,13395.589999999995,12337.499999999987,1017438.4500000008,11507.859999999991,15149.719999999988,14738.489999999996,14581.22999999999,15365.69999999999,19148.069999999992,17386.429999999975,18462.319999999996,18887.359999999997,18048.18999999999,18865.560000000005,18809.059999999994,9755.000000000002,26566.739999999998,0,36383.90000000003,23875.93000000002,18721.46,23123.840000000015,19167.22999999999,2393420.9900000016,PRIVADO
07101603000129 CLINICA SANTA CLARA LTDA,63380.68000000014,60596.85000000014,39263.94000000005,59260.53000000009,63286.460000000036,55667.24000000006,44057.120000000075,45399.53000000001,47917.99000000006,47774.46000000014,47249.19000000002,44914.8900000001,39605.07999999996,39502.7,39545.080000000045,40110.45000000001,40124.179999999964,40349.78000000006,40403.979999999996,39641.6,39778.19000000001,24596.390000000007,33811.46999999998,24082.060000000016,24329.350000000017,27572.879999999997,22237.84,22477.77999999999,25324.089999999993,22208.280000000013,20866.34,16712.350000000002,12004.580000000004,10312.750000000004,11590.790000000003,14494.510000000002,12219.430000000004,13938.260000000002,10725.98,14525.179999999995,8236.189999999999,8453.32,1358549.7400000012,10766.23,10213.820000000003,12960.59,10472.28,9858.74,14307.350000000008,11376.500000000005,15585.760000000002,10945.140000000003,13524.140000000005,12227.200000000003,8703.580000000004,18556.139999999996,18923.519999999997,13908.68,12616.449999999997,9805.689999999999,17084.650000000005,18312.169999999995,13420.510000000002,2980668.6200000024,PRIVADO
07250541000117 HOSPITAL SANTA ISABEL,19278.689999999995,11121.379999999986,13010.679999999991,7901.649999999995,9557.45999999999,8554.079999999989,8747.51999999999,6284.989999999995,7209.809999999995,8648.669999999993,5650.349999999997,5203.329999999998,2788.330000000001,2556.9000000000005,5027.75,5838.489999999997,3961.5700000000006,5177.24,4772,4326.2,5362.789999999997,4019.09,4803.649999999999,3692.2200000000003,3278.0200000000004,4028.9,3026.8100000000004,4248.339999999999,3783.1100000000006,4347.599999999999,4390.129999999999,3264.770000000001,3765.3200000000006,3893.78,3097.09,3731.0900000000006,3613.27,2970.51,3405.96,3796.0600000000004,3465.7099999999996,3581.31,229182.61999999988,3769.7700000000004,2385.09,3315.2799999999997,4410.13,3576.9000000000005,4368.990000000001,4341.260000000001,4114.580000000001,4480.050000000002,4610.810000000001,4772.140000000001,4669.460000000001,4759.970000000001,4896.109999999999,4925.3600000000015,4805.460000000002,4544.850000000001,4364.410000000001,4346.49,4325.799999999999,544148.1499999999,PRIVADO
07479678000148 CLINICOR,10217.58,8820.100000000002,10141.779999999999,9610.71,9686.630000000003,10065.7,9548.819999999998,9121.41,9182.149999999998,8463.43,8598.190000000002,10532.389999999996,8286.219999999996,8392.810000000001,8167.910000000001,8360.01,0,8498.370000000004,8186.11,15256.109999999991,7796.310000000002,8390.98,8359.110000000006,8410.230000000001,8351.8,8311.550000000001,8386.400000000001,7408.63,8377.490000000002,8520.15,8439.27,8485.760000000002,8388.38,8398.019999999999,8581.25,8267.340000000002,8726.130000000005,8047.440000000004,8123.2500000000055,8154.320000000004,8418.890000000009,8330.840000000004,361809.9700000001,8428.760000000004,8455.68,8226.220000000003,8371.380000000001,8374.330000000004,10283.779999999999,10155.100000000002,10470.380000000001,10441.07,10091.080000000004,10623.54,10668.39,10504.87,10278.780000000002,10512.99,10479.289999999999,10315.009999999997,10501.330000000002,10501.310000000003,0,911303.2300000002,PRIVADO
07481906000114 CLINICA SANTA FE LTDA,54193.95999999974,53749.64000000033,52494.98000000023,50009.100000000195,56558.93000000042,50871.61000000026,55334.38000000032,41955.390000000036,44727.35000000007,42210.18000000005,47888.399999999885,39244.9,38479.6599999999,38466.89999999999,37699.29999999997,39121.60999999993,39360.359999999964,33387.39000000003,30023.510000000017,27084.620000000017,38541.590000000026,26310.88000000004,36825.70000000002,33020.29000000004,30476.010000000028,23226.51000000003,26942.300000000047,19793.030000000028,21917.15000000004,20469.220000000038,0,0,0,0,0,0,0,0,0,0,0,0,0,0,0,0,0,0,0,0,0,0,0,0,0,0,0,0,0,0,0,0,0,1150384.8500000017,PRIVADO
07696651000107 PRONTO ATENDIMENTO PEDIATRICO LTDA - PAPE,4875.1100000000015,6008.9000000000015,4706.630000000001,3910.86,4883.160000000001,4551.98,4273.660000000001,4174.719999999999,4329.72,3376.67,4754.87,3632.51,3524.55,3528.3099999999995,3077.75,2978.26,2823.9100000000003,2158.58,1125.15,2105.3900000000003,1725.7000000000003,3211.01,3363.0700000000006,3450.03,2124.6200000000003,2859.88,1497.76,730.0899999999999,1515.29,1000.29,1549.2799999999997,2083.9500000000003,2710.5000000000005,2425.05,2412.87,2481.52,2287.7799999999997,2443.57,2038.3500000000001,2424.26,2195.71,1058.76,122390.02999999998,762.28,1645.47,1918.31,333.32,1538.9399999999998,821.22,1576.65,2521.3799999999997,1594.0800000000002,1950.04,1250.47,1661.65,991.92,740.77,0,0,0,0,0,0,264086.56,PRIVADO
09583949000721 HOSPITAL REGIONAL JUSTINO LUZ,102186.70000000004,102843.38000000028,96963.76000000007,90599.93000000002,95390.0800000002,87112.33000000013,100981.56000000027,83211.03000000017,89151.57000000031,83858.89000000013,93401.17000000013,84196.22000000007,88126.24999999993,77807.99000000009,76192.25000000004,76893.69000000005,82839.76000000018,83405.64000000035,98071.03000000012,89725.30000000012,86526.9700000001,83719.37000000008,106071.61000000022,105556.27000000025,105103.28000000017,97840.02000000025,104457.1900000002,96683.88000000018,102754.64000000012,102030.37000000007,103445.58999999992,98476.35000000002,100785.79000000014,106233.0500000002,0,0,0,0,0,0,0,0,0,0,0,0,0,0,0,0,0,0,0,0,0,0,0,0,0,0,0,0,0,3182642.910000005,ESTADUAL
09583949000802 HOSPITAL REGIONAL TIBERIO NUNES,64427.94999999985,65983.35999999993,58931.11999999993,66849.0499999998,58768.509999999995,64814.399999999856,60437.51999999998,64208.41999999991,60159.27999999992,60704.41999999994,64307.34000000003,62504.609999999986,65073.3999999999,53119.12999999989,62919.61999999988,62404.129999999874,0,69976.77999999988,61171.76999999982,128973.38000000047,62352.50999999995,60082.61000000004,61817.1199999999,59796.64999999995,67454.6799999999,76510.08999999987,75174.87999999998,70043.99999999985,76569.22999999995,67756.87999999982,71617.53000000007,71242.74000000017,71246.54000000001,70449.15000000014,0,0,0,0,0,0,0,0,0,0,0,0,0,0,0,0,0,0,0,0,0,0,0,0,0,0,0,0,0,2217848.799999999,ESTADUAL
09590266000106 CENTRO PIAUIENSE DE OFTALMOLOGIA LTDA,2215.66,0,2763.3,1013.9199999999998,1242.3,1128.11,0,4262.730000000001,0,10619.54999999999,5545.500000000001,5687.699999999999,5791.24,5061.850000000001,6025.65,5589.800000000001,5178.06,5876.970000000001,5859.1900000000005,6075.110000000002,6048.909999999999,6023.58,5861.029999999998,3768.2300000000014,4141.77,6015.12,4743.490000000001,5064.73,4608.429999999999,3719.6700000000005,3472.320000000001,3419.760000000001,3910.4300000000003,4097.47,4158.36,4295.2,3881.0999999999995,2868.5000000000005,3966.41,3873.5499999999993,3400.789999999999,3757.5900000000015,175033.08,1157.44,743.34,2454.3999999999996,3726.0299999999997,3798.630000000001,4803.660000000001,4773.660000000001,4773.66,4590.2300000000005,3992.220000000001,4921.39,4803.66,4508.200000000001,4841.96,4810.3,4841.960000000001,4654.27,4554.080000000001,4694.230000000001,4478.200000000001,431987.68,PRIVADO
10992824000149 CLIMEGESI LTDA,14093.95999999999,13947.85999999999,12998.149999999989,14089.739999999993,12503.939999999991,11860.139999999996,13944.20999999999,13169.87999999999,10115.63,10422.140000000001,11171.149999999994,15826.96,12147.499999999998,9442.089999999998,13766.469999999998,12990.769999999997,11289.50999999999,14972.749999999995,12406.859999999988,13209.179999999991,11822.13999999999,13610.419999999998,12459.579999999994,10146.559999999992,13760.709999999992,11140.73999999999,10653.299999999992,9909.469999999996,11667.599999999991,13630.169999999991,9443.049999999988,10238.59999999999,10936.099999999997,10442.089999999995,10905.69999999999,10443.649999999994,13581.049999999983,11528.819999999987,13541.389999999992,13238.909999999985,12410.019999999984,12663.55999999999,512542.5199999996,12293.459999999981,12307.689999999988,11862.629999999985,11257.129999999981,10938.099999999993,14131.909999999993,15055.409999999996,15761.44999999999,15818.209999999985,14217.569999999983,15790.06999999999,15041.769999999986,15187.049999999994,14092.959999999994,13365.75999999998,15313.61999999999,13725.740000000003,12746.049999999992,12408.159999999996,10261.769999999997,1296661.5499999989,PRIVADO
11638194000171 CENTRO DE DOENCAS TROPICAIS LTDA,8964.690000000004,9380.529999999999,8688.820000000002,8980.420000000006,8359.500000000002,8614.6,9419.160000000002,8355.930000000004,8392.680000000002,8872.59,8743.060000000001,8740.759999999998,8059.72,7316.800000000001,7097.410000000003,7388.520000000003,6632.050000000001,6330.33,6693.720000000001,7102.719999999999,7389.110000000001,7137.729999999999,7056.39,7854.519999999999,7237.930000000001,7237.339999999999,6718.670000000001,6786.219999999998,6738.249999999997,6853.19,6614.23,6735.800000000002,6836.749999999998,6991.829999999993,7070.179999999998,6916.719999999995,7043.749999999999,6958.130000000004,6790.169999999997,6709.599999999998,6637.089999999999,6654.340000000001,315101.95,6352.3799999999965,6885.279999999997,7232.439999999996,6902.109999999995,6741.079999999993,9924.119999999999,8735.689999999997,8906.969999999998,8594.609999999997,8423.339999999998,8758.14,8960.050000000001,8774.170000000002,8993.859999999995,6273.76,9969.66999999999,9317.689999999995,6130.139999999999,6282.490000000001,6297.260000000001,788659.1499999999,PRIVADO
12066486000140 MATERNIDADE E CASA DE SAUDE SAO JOSE LTDA,36062.020000000026,38524.989999999976,30505.950000000026,31247.889999999992,21752.739999999987,25048.13000000003,18600.99999999999,21420.77999999998,32954.90000000002,26213.670000000006,23322.65999999997,21942.859999999982,22355.720000000023,20859.92999999997,21705.56,22754.199999999983,23088.599999999988,23073.25000000002,20688.840000000004,22839.04000000001,22070.829999999965,23166.809999999983,22495.880000000037,22768.520000000015,22325.760000000002,22907.460000000057,22888.390000000018,22835.93000000005,22941.130000000012,23011.60999999999,21306.38000000001,16473.699999999997,16365.739999999994,16763.94,18870.330000000016,19243.829999999973,22788.34000000003,18656.94,21585.459999999995,21933.899999999998,22225.83000000002,22115.09000000001,970704.5300000001,22218.68999999999,22257.56000000002,22679.710000000014,22227.34000000002,22321.659999999993,30002.200000000026,28860.189999999966,28891.770000000022,29087.860000000033,28865.89000000001,29157.200000000026,29346.920000000002,30270.270000000008,30124.380000000023,30244.820000000018,29855.390000000036,31426.450000000033,31684.47000000002,30027.920000000016,30258.520000000004,2501218.2700000005,PRIVADO
12174223000154 SANTA CASA,7595.219999999997,7301.120000000001,7760.189999999996,5526.060000000003,6376.660000000003,5434.530000000003,8305.339999999997,7349.990000000002,6465.99,6837.330000000001,9144.609999999997,9447.239999999998,3342.820000000001,6863.599999999995,9282.819999999992,8728.98999999999,7498.819999999996,9967.179999999988,8501.37999999999,8318.30999999999,7693.789999999995,7354.189999999993,9184.099999999993,7151.739999999997,7697.579999999995,7487.759999999993,8103.539999999993,7352.249999999993,6825.439999999998,6147.959999999999,8687.75999999999,8085.429999999992,8631.509999999998,8604.76999999999,7837.539999999992,8237.689999999995,9663.259999999991,4836.769999999999,6791.519999999993,8182.569999999993,7475.649999999997,5952.16,318033.17999999993,4673.839999999999,7177.709999999994,7644.919999999997,7638.149999999993,7684.779999999992,9386.879999999997,9055.659999999998,10759.469999999994,10373.899999999998,11065.209999999994,9979.289999999994,10779.479999999996,9438.699999999993,9787.469999999998,10782.30999999999,11539.510000000004,11964.21,9988.829999999996,10153.49,10183.989999999998,826124.1599999997,PRIVADO
12319539000197 HOSPITAL E MATERNIDADE IRACEMA OLIVEIRA,13748.419999999982,12843.199999999979,12683.959999999985,11170.939999999984,11775.159999999989,13618.54999999999,11647.36999999998,10499.98999999998,12450.579999999982,13153.639999999985,13570.369999999986,12533.039999999983,11250.409999999994,11497.80999999999,10803.68999999999,11083.979999999983,11388.479999999989,11560.229999999989,11703.949999999984,11614.709999999986,11482.709999999986,11363.199999999984,11172.309999999987,11316.339999999991,10966.839999999986,11333.029999999993,11299.829999999989,11425.909999999998,11536.089999999991,11986.689999999991,11533.989999999996,11612.049999999985,12246.109999999984,13089.23999999998,13680.909999999987,12066.78999999998,17100.57999999998,18355.83999999997,18941.88999999996,15880.959999999975,15011.249999999982,12788.369999999983,526789.4099999993,13249.519999999991,15721.089999999982,17950.11999999999,15777.239999999976,17789.08999999999,23110.809999999987,24386.050000000003,25955.649999999998,24175.340000000044,18694.59999999999,18084.96999999999,21136.40000000002,19181.030000000024,22635.059999999994,19795.830000000005,18882.14,23018.759999999977,18297.81,18068.85999999999,18720.549999999996,1448209.739999999,PRIVADO
23503410000150 HOSPITAL E MATERNIDADE SAO LUIS,10007.409999999994,9801.34,7415.440000000001,7235.760000000001,7169.31,7273.110000000001,7423.9000000000015,5632.440000000001,9650.330000000005,13613.169999999998,10114.250000000004,8434.570000000002,6164.380000000002,6508.160000000003,6640.740000000002,6297.6,6486.3200000000015,6589.370000000002,9763.130000000005,7147.120000000001,7098.159999999998,9798.380000000003,7185.090000000002,6299.740000000003,11495.490000000002,9707.760000000002,9675.600000000002,7469.720000000001,10560.73,10011.989999999996,9807.179999999993,9945.339999999993,9536.639999999998,15924.339999999995,15418.649999999987,16191.989999999989,16038.89,15807.739999999996,15937.82999999999,16275.039999999988,16127.819999999994,15008.329999999985,420690.29999999993,15561.009999999987,15375.459999999995,16032.379999999981,14931.84999999999,15446.089999999997,19891.40999999999,20497.719999999994,20800.640000000014,24842.48000000001,20321.67000000001,20389.460000000006,20163.400000000005,19468.950000000004,20480.17000000001,19775.229999999996,20408.949999999993,18977.540000000005,19179.62,20914.760000000002,20589.889999999992,1225429.2799999996,PRIVADO
23522956000159 CLINICA SANTA LUZIA LTDA,15958.369999999992,10922.48,11455.130000000003,22450.169999999966,10433.359999999999,9221.989999999989,11083.970000000001,11010.25,9894.869999999999,10464.64,10478.349999999999,9049.2,9338.619999999995,9418.639999999992,9210.77,10211.589999999997,9384.310000000003,10012.180000000004,9889.8,8350.649999999996,9617.869999999994,5674.829999999999,8061.389999999997,6098.749999999999,7248.43,6973.879999999998,2844.3900000000003,4823.840000000001,3778.960000000001,2856.6800000000003,6472.379999999998,6582.1399999999985,6892.999999999996,6538.859999999999,6557.789999999999,6561.159999999997,6076.95,6174.119999999998,5243.339999999998,7003.1399999999985,6094.55,6040.499999999998,352456.2899999999,5951.64,6036.98,5830.8099999999995,6031.539999999998,6060.439999999999,7591.860000000001,7501.3499999999985,7476.0199999999995,7571.830000000001,7518.93,7477.729999999999,7543.4299999999985,7609.27,7515.789999999999,11856.74,9435.309999999998,7659.389999999999,7520.43,7585.750000000001,10536.700000000003,857224.52,PRIVADO
23624323000151 HOSPITAL ESPERANCA GARCIA,6717.960000000002,5322.010000000002,3663.109999999999,4686.820000000002,5679.89,3223.82,5940.790000000002,3815.5800000000013,4732.3600000000015,1952.1799999999998,8454.639999999998,5270.070000000001,4826.579999999999,4518.35,5352.190000000001,6031.000000000002,4557.160000000001,3855.999999999999,4601.370000000002,2705.5500000000006,4693.240000000001,5367.600000000003,5308.690000000003,5293.930000000003,4397.96,2606.18,3324.9800000000014,4070.6200000000017,4329.200000000002,1428.6699999999998,1920.0300000000002,2423.5700000000006,4511.17,5158.070000000001,4538.990000000002,4542.880000000001,3983.4700000000003,3653.6400000000012,3718.150000000001,3417.0700000000006,3193.3000000000006,3144.4900000000007,180933.33000000007,4215.120000000002,3817.760000000002,4214.26,3459.4900000000007,2641.3600000000006,2380.57,6817.020000000001,5389.069999999998,5514.129999999999,5710.9400000000005,5316.93,4783.469999999998,4944.650000000001,5530,6172.520000000001,5402.000000000001,4919.12,5158.289999999998,6172.1100000000015,6020.57,460446.04000000015,MUNICIPAL
33654302008702 FUNDACAO NACIONAL DE SAUDE,366.53000000000003,583.26,657.05,648.5,602.5999999999999,535.37,664.72,395.03,630.73,626.02,0,0,0,0,0,0,0,0,0,0,0,0,0,0,0,0,0,0,0,0,0,0,0,0,0,0,0,0,0,0,0,0,0,0,0,0,0,0,0,0,0,0,0,0,0,0,0,0,0,0,0,0,0,5709.8099999999995,FEDERAL
34965764000133 CLISA,28303.909999999978,28728.509999999984,27276.95999999998,23773.47999999996,23587.88999999998,26394.269999999982,25031.749999999967,12645.67,12209.219999999992,11230.459999999988,12931.45,14482.719999999994,16361.210000000005,16280.529999999995,15943.32,16392.259999999987,15956.219999999985,16224.049999999992,16436.049999999996,16509.83999999999,20728.91999999999,17021.770000000008,16832.099999999988,16380.959999999986,16184.309999999989,18286.169999999987,18289.829999999987,18031.999999999985,23465.239999999972,18174.850000000002,16843.39,13913.349999999997,16521.289999999994,17242.14,19543.539999999994,21025.250000000015,19483.929999999968,20442.84999999997,19016.909999999974,20774.26999999997,20667.499999999978,20299.16999999998,785869.5099999995,20821.750000000007,21397.449999999993,20563.55,19950.50999999998,19470.99999999999,26059.100000000013,30191.74000000001,30273.42000000001,30492.070000000036,33690.440000000024,27051.000000000022,26410.339999999997,39774.15999999995,36861.18999999998,36542.13999999998,36156.46000000001,36572.71,36077.63,36326.149999999994,34289.01999999999,2170710.8499999987,PRIVADO
35145432000175 HOSPITAL SAO CARLOS BORROMEO,3692.6100000000006,10046.099999999997,11942.139999999996,13670.969999999992,11884.159999999994,14613.229999999992,11375.18999999999,13484.069999999992,12206.37999999999,12470.68,18283.069999999992,18533.559999999987,0,31545.500000000033,16108.11999999999,14939.219999999992,15770.269999999997,15562.74999999999,16266.07999999999,15447.639999999998,16813.659999999993,11594.05,17469.170000000002,16176.689999999986,16479.099999999988,21329.860000000022,21444.610000000008,18462.050000000003,20938.500000000004,18210.53000000001,17808.530000000006,18158.530000000006,41302.49000000004,26112.50000000002,19648.30999999999,21101.860000000004,19596.880000000005,19907.710000000014,19279.200000000008,28034.10000000001,28124.55000000003,27435.8,743270.4199999999,21212.440000000002,46084.210000000036,33198.409999999996,27279.339999999997,21242.589999999997,26852.19000000001,46763.86000000002,38082.32,38049.840000000026,33146.299999999974,35239.29,30253.18000000001,42281.77999999997,32273.869999999988,36632.57,36803.51999999998,40671.44000000001,36475.14,36633.829999999994,36592.87000000002,2182309.83,
35151851000110 CASA DE SAUDE MATERNIDADE SAO JOSE LTDA,52700.450000000026,48878.17000000004,33093.77999999993,58136.93000000007,53363.740000000056,59049.2600000003,60974.47000000012,17757.879999999994,19100.229999999978,19979.939999999977,17573.79999999998,21057.28999999998,21525.339999999993,18937.45999999999,19789.92999999999,19613.38999999999,19416.939999999984,23550.019999999993,25330.08,32477.329999999976,24694.20000000001,25095.27999999999,25146.440000000006,21196.60999999997,18063.249999999985,22521.939999999973,20860.770000000004,24361.640000000007,22797.44000000002,25764.440000000006,21666.19999999999,29468.96999999996,24415.09999999997,27142.70999999999,24402.45999999999,19308.739999999983,20452.60999999999,23733.68000000001,20416.690000000013,19983.599999999984,23297.47,23840.12,1150936.7900000005,22924.699999999975,20595.599999999988,19324.159999999996,22252.379999999994,19786.109999999986,24028.52000000001,25962.110000000008,26854.909999999996,24559.18,24360.789999999997,25713.120000000017,23381.160000000014,23532.540000000005,28832.64,28049.550000000014,28776.9,28867.259999999995,29079.58000000003,34876.86000000003,32919.62000000002,2816551.2700000014,PRIVADO
41263666000110 CASA DE SAUDE DR ABILIO DE LIMA COSTA SC LTDA,14942.320000000003,14151.19,14541.200000000003,12174.570000000002,13525.639999999992,12147.140000000001,11576.349999999999,12507.730000000005,11814.310000000003,11768.699999999999,12062.150000000003,9994.170000000004,9679.420000000002,3606.080000000001,9772.679999999998,10358.969999999994,10167.709999999995,11914.349999999986,11672.469999999994,13010.789999999988,12129.70999999999,12373.36999999998,12496.35,12300.659999999985,9943.08999999999,11985.759999999997,11056.909999999996,10975.339999999993,12033.139999999989,11037.889999999998,10826.659999999993,10982.449999999999,11090.469999999992,11012.359999999993,10992.550000000001,10976.349999999993,11055.339999999997,11098.369999999997,11064.039999999997,11034.959999999995,10854.65,11009.549999999997,479717.90999999974,10381.08,10644.789999999999,10272.739999999993,10971.809999999996,10989.289999999997,13961.870000000003,14028.680000000004,13942.70000000001,14072.779999999995,14168.849999999991,14015.55,13988.669999999996,14023.380000000006,10583.150000000007,8911.58,12560.070000000003,11953.219999999994,18074.89,16207.230000000005,14774.19000000001,1217962.3399999996,PRIVADO
41274317000101 CLINICA SANTA TEREZINHA,26571.679999999997,24010.18000000001,25157.940000000013,25388.120000000024,25871.830000000024,29422.82999999999,24341.13000000001,13275.619999999997,13646.379999999997,14044.940000000002,6968.019999999999,16736.66,23696.78,17429.980000000003,17313.159999999993,21390.91999999999,24068.849999999988,23822.559999999987,23983.189999999977,24022.549999999985,27089.01999999997,24905.69999999997,26735.440000000006,24074.109999999986,24349.029999999984,26407.720000000005,25847.250000000004,24969.41999999999,28376.679999999975,24646.339999999993,27350.359999999993,25534.150000000005,24950.809999999994,25239.709999999985,20433.43999999999,28207.35999999999,23839.049999999977,23558.059999999976,22121.279999999966,22124.58999999999,19644.879999999972,22049.759999999984,963617.4799999994,22276.569999999985,22274.54999999997,22077.269999999993,22129.16999999998,22024.74999999998,27492.16,28660.460000000006,28937.680000000004,29768.83,29433.170000000016,28907.039999999997,29331.48000000001,30198.330000000005,29966.869999999995,26535.950000000008,30067.36000000002,32779.27999999999,29127.23999999999,27542.13,29686.679999999993,2476451.9299999992,PRIVADO
41279647000181 PRONTO BABY,9927.989999999998,11936.690000000006,10524.230000000003,9380.53,10101.900000000001,13496.680000000006,12104.300000000007,10630.399999999996,10627.900000000003,14036.210000000006,10422.71,9217.139999999996,9418.339999999998,9011.889999999998,9613.82,5947.870000000002,9583.039999999999,8436.1,8015.1399999999985,9419.119999999997,9042.380000000003,9609.199999999999,9668.12,9738.330000000002,9490.68,12582.94000000001,11400.390000000009,11293.370000000012,12039.160000000018,12527.530000000013,12761.720000000003,12085.630000000008,12341.460000000003,16471.33000000001,16051.56000000001,14626.08000000001,13767.020000000011,14851.780000000012,12321.700000000012,13484.470000000008,12371.330000000009,15404.820000000014,475783.0000000003,12303.900000000005,13072.940000000002,13153.910000000002,12288.87,15600.500000000007,18381.26,18377.910000000007,17884.76000000001,17824,18223.069999999996,18974.449999999997,18409.199999999997,17951.409999999996,18330.719999999994,18925.799999999996,20288.600000000002,20073.970000000005,18046.369999999995,18236.469999999994,19112.32999999998,1297026.4400000006,PRIVADO
41522376000224 UMS DE COLONIA DO PIAUI,0,0,0,0,0,0,0,0,0,0,0,0,0,0,0,0,0,0,0,0,0,0,0,0,0,0,0,0,0,0,2338.870000000001,3155.2000000000003,3054.2300000000005,3356.4700000000003,3233.7200000000003,2999.5100000000007,3013.6,3042.9700000000007,3035.4300000000003,2331.69,3090.3300000000013,3055.7000000000003,35707.72000000001,3029.1100000000006,3071.14,3056.1400000000003,3007.1000000000013,3019.76,3816.9899999999993,3756.2600000000007,3806.2200000000003,3858.73,3789.579999999999,3768.719999999999,3799.759999999999,3844.17,3902.22,3765.350000000001,3823.5600000000004,3900.329999999999,3748.3500000000004,3919.7999999999997,3887.4300000000007,143986.16,
60975737002367 HOSPITAL SANTA CRUZ,26235.98,25738.870000000014,27375.00999999999,27005.409999999993,25050.009999999984,28437.760000000006,26528.40999999999,27144.209999999992,27708.63000000001,26855.06,29343.319999999996,26668.790000000005,25128.049999999977,27278.349999999984,24925.239999999994,26230.969999999972,26696.85999999999,27632.29999999999,27926.73999999998,26772.019999999964,27278.329999999987,26286.699999999986,25986.939999999977,26095.82999999998,20986.199999999986,22895.549999999985,27746.489999999987,25215.139999999978,25243.71999999997,24363.829999999973,25083.20999999995,24304.609999999964,24145.149999999965,25027.04999999996,25199.82999999996,0,0,0,0,0,0,0,912540.5699999994,0,0,0,0,0,0,0,0,0,0,0,0,0,0,0,0,0,0,23724.509999999973,23631.39000000001,1872437.0399999986,FILANTRÓPICO
69602100000194 POLICLINICA SANTA MARIA,7412.639999999993,8132.769999999998,6263.199999999996,8664.039999999999,7924.419999999997,7835.609999999997,6277.6299999999965,7454.3499999999985,7095.379999999993,6742.949999999995,5912.07,5582.670000000001,5421.589999999999,6169.5599999999995,7275.549999999997,5586.0999999999985,6673.939999999997,6417.619999999994,6381.2899999999945,3877.7100000000005,6645.719999999993,6582.409999999997,6066.829999999997,6072.409999999996,5993.229999999999,7157.0499999999965,7161.579999999994,7270.279999999994,7247.189999999996,7145.659999999994,6528.359999999997,5806.299999999999,7100.899999999998,7140.409999999997,6989.719999999994,7227.000000000002,7228.529999999998,7210.369999999996,7341.849999999997,7239.149999999999,5947.420000000001,6507.01,282710.4699999999,5700.109999999999,7005.099999999993,7120.189999999995,7270.689999999999,7140.339999999991,9051.910000000002,8988.839999999998,9112.87,8264.340000000002,9088.970000000001,9012.870000000003,9066.260000000004,8961.020000000002,7210.449999999999,9337.220000000003,10087.269999999997,10730.469999999994,9405.850000000002,11965.259999999998,10656.869999999997,740597.8399999995,PRIVADO
73711236000100 PROMEDICA,6475.919999999999,8915.779999999999,6453.27,9489.799999999996,5675.189999999999,6104.04,7990.910000000001,5686.59,8073.420000000001,10439.909999999998,9859.169999999996,10908.56,10040.549999999996,14812.159999999998,15063.250000000002,13591.269999999997,13916.269999999991,11358.719999999996,17242.859999999993,14510.449999999995,15196.919999999993,15017.829999999987,15105.33999999999,14095.669999999991,15241.489999999996,15067.179999999998,15142.460000000003,15079.769999999999,15314.51,13708.819999999996,13025.719999999994,8322.39,15321.189999999993,11950.960000000006,9575.11,10204.859999999995,11861.929999999998,12597.309999999998,7064.770000000001,13489.499999999998,13698.469999999992,11733.910000000002,494424.1999999999,11402.63,8221.43,10860.109999999995,7281.630000000001,11470.48,12408.639999999996,15246.759999999998,14833.740000000003,14987.659999999994,17861.750000000004,17131.550000000007,18427.290000000005,17723.91,13850.810000000003,17339.92,18126.93,18743.72,17116.160000000003,17283.2,17125.670000000006,1286292.3899999994,PRIVADO
97351266000110 HOSPITAL NOSSA SENHORA DAS VITORIAS,0,0,0,0,0,0,0,0,0,0,0,0,0,0,0,0,0,0,0,0,0,0,0,0,0,0,0,4156.9800000000005,4170.56,4263.099999999999,4025.1400000000012,4148.960000000001,4139.81,4375.600000000001,8136.199999999999,8189.359999999999,8229.499999999998,8231.900000000001,8268.38,8029.130000000002,8258.539999999995,8226.230000000005,94849.39000000001,8140.219999999998,8210.719999999998,8179.879999999997,8174.19,8115.79,9854.529999999993,9698.01,9862.99,10197.189999999995,10027.409999999996,10449.44,9782.590000000002,10389.199999999997,9998.270000000002,10081.460000000001,10315.7,10430.75,10370.300000000001,10519.74,10323.239999999994,382820.4000000001,
